<?xml version="1.0" encoding="UTF-8"?>
<project-private xmlns="http://www.netbeans.org/ns/project-private/1">
    <editor-bookmarks xmlns="http://www.netbeans.org/ns/editor-bookmarks/2" lastBookmarkId="0"/>
    <open-files xmlns="http://www.netbeans.org/ns/projectui-open-files/2">
        <group>
            <file>file:/C:/Users/user/Music/Exam%20Java/Login-SignUp-java-mysql-database-main/Login-SignUp-java-mysql-database-main/src/loginandsignup/Home.java</file>
            <file>file:/C:/Users/user/Music/Exam%20Java/Login-SignUp-java-mysql-database-main/Login-SignUp-java-mysql-database-main/src/loginandsignup/Login.java</file>
            <file>file:/C:/Users/user/Music/Exam%20Java/Login-SignUp-java-mysql-database-main/Login-SignUp-java-mysql-database-main/src/loginandsignup/SignUp.java</file>
        </group>
    </open-files>
</project-private>
